,driving_duration,idel_duration,heat_duration,med_speed,peak_speed,speed1,speed2,speed3,speed4,speed5,acc1,acc2,acc3,acc4,ret1,ret2,ret3,ret4,ret5,weekday_driving_ratio,energy_eff_mean,hvac_on_ratio,large_steering_angle_diff_mean,cluster
1,1.829673252,-1.829673252,-0.910893026,2.1391238,1.240560129,-2.095691917,-0.166869069,1.845153196,1.158769491,2.426579397,-0.803196356,-0.583729442,-0.246492633,-0.098850706,-0.279338875,-0.336633986,-0.074291728,-0.264374426,-0.727924916,1.14845817,-2.008555833,-0.659682161,-0.967167494,A
